source,event_id,year,country,latitude,longitude,magnitude,depth_km,max_intensity,loss_usd_nominal,cpi_factor,loss_usd_2026,log10_loss
noaa,noaa_2709,1905,INDIA,32.597,76.916,7.9,20.0,10.0,25000000.0,37.0,925000000.0,8.966141732739032
noaa,noaa_2715,1905,ALBANIA,42.1,19.6,6.6,20.0,10.0,23800000.0,37.0,880600000.0,8.944778681123507
noaa,noaa_2779,1906,CHILE,-33.0,-72.0,8.2,25.0,11.0,100000000.0,33.0,3300000000.0,9.518513939877888
noaa,noaa_2768,1906,USA,37.67,-122.48,7.9,20.0,11.0,400000000.0,33.0,13200000000.0,10.12057393120585
noaa,noaa_2801,1907,JAMAICA,18.667,-76.237,6.2,15.0,,30000000.0,33.0,990000000.0,8.99563519459755
noaa,noaa_2846,1908,ITALY,38.17,15.58,7.0,40.0,11.0,116000000.0,33.0,3828000000.0,9.582971929104806
noaa,noaa_2994,1914,JAPAN,31.58,130.67,7.1,,,19000000.0,33.0,627000000.0,8.797267540830717
noaa,noaa_3033,1915,USA,32.8,-115.5,6.2,,,900000.0,33.0,29700000.0,7.472756449317212
noaa,noaa_3025,1915,ITALY,42.0,13.5,7.5,10.0,11.0,60000000.0,33.0,1980000000.0,9.296665190261532
noaa,noaa_3056,1916,PANAMA,9.6,-82.0,7.0,25.0,9.0,25000.0,16.0,400000.0,5.6020599913279625
noaa,noaa_3124,1918,USA TERRITORY,18.7,-67.189,7.1,15.0,9.0,4000000.0,16.0,64000000.0,7.8061799739838875
noaa,noaa_3111,1918,USA,33.762,-116.972,6.7,10.0,10.0,200000.0,16.0,3200000.0,6.505149978319906
noaa,noaa_3165,1920,CHINA,36.601,105.317,8.3,25.0,12.0,25000000.0,16.0,400000000.0,8.602059991327963
noaa,noaa_3212,1923,RUSSIA,54.486,160.472,8.4,15.0,11.0,1500000.0,16.0,24000000.0,7.380211241711606
noaa,noaa_3227,1923,JAPAN,35.1,139.5,7.9,35.0,,600000000.0,16.0,9600000000.0,9.982271233039569
noaa,noaa_3270,1925,USA,34.418,-120.196,6.8,10.0,9.0,8000000.0,16.0,128000000.0,8.107209969647869
noaa,noaa_3306,1927,JAPAN,35.6,135.1,7.3,10.0,,40000000.0,19.0,760000000.0,8.880813592280791
noaa,noaa_3305,1927,USA,32.5,-115.5,5.8,,,3000000.0,19.0,57000000.0,7.7558748556724915
noaa,noaa_3403,1929,CANADA,44.426,-56.03,7.2,10.0,6.0,1000000.0,19.0,19000000.0,7.278753600952829
noaa,noaa_3460,1931,NICARAGUA,13.2,-85.7,5.6,,,15000000.0,19.0,285000000.0,8.45484486000851
noaa,noaa_3450,1931,NEW ZEALAND,-39.772,176.025,7.7,35.0,9.0,25000000.0,19.0,475000000.0,8.676693609624866
noaa,noaa_3516,1933,USA,33.62,-117.97,6.3,16.0,9.0,41000000.0,19.0,779000000.0,8.891537457672564
noaa,noaa_3534,1934,PANAMA,8.0,-82.5,7.7,60.0,,50000.0,19.0,950000.0,5.977723605288848
noaa,noaa_3550,1935,PAKISTAN,29.5,66.8,7.5,33.0,10.0,25000000.0,19.0,475000000.0,8.676693609624866
noaa,noaa_3561,1935,USA,46.6,-112.0,6.2,,8.0,19000000.0,19.0,361000000.0,8.557507201905658
noaa,noaa_3632,1939,CHILE,-36.25,-72.25,8.3,60.0,10.0,920000000.0,22.0,20240000000.0,10.306210508167762
noaa,noaa_6510,1939,TURKEY,39.907,39.586,7.8,20.0,12.0,20000000.0,22.0,440000000.0,8.643452676486188
noaa,noaa_3673,1940,ROMANIA,45.8,26.8,7.3,150.0,10.0,10000000.0,22.0,220000000.0,8.342422680822207
noaa,noaa_3662,1940,USA,32.733,-115.5,7.2,16.0,10.0,33000000.0,22.0,726000000.0,8.860936620700095
noaa,noaa_3678,1941,MEXICO,18.68,-102.989,7.6,30.0,7.0,2000000.0,22.0,44000000.0,7.643452676486188
noaa,noaa_3699,1942,ECUADOR,-0.75,-81.5,7.9,30.0,9.0,2500000.0,22.0,55000000.0,7.740362689494244
noaa,noaa_3770,1944,ARGENTINA,-31.496,-68.491,6.9,15.0,9.0,100000000.0,22.0,2200000000.0,9.342422680822207
noaa,noaa_3784,1944,USA,44.945,-74.746,5.7,15.0,8.0,2000000.0,22.0,44000000.0,7.643452676486188
noaa,noaa_3811,1945,PAKISTAN,24.5,63.0,8.0,15.0,10.0,25000000.0,22.0,550000000.0,8.740362689494244
noaa,noaa_3822,1946,USA,53.492,-162.832,8.6,15.0,6.0,26271000.0,13.0,341523000.0,8.533419956734177
noaa,noaa_3884,1948,JAPAN,36.5,136.0,7.3,20.0,,1000000000.0,13.0,13000000000.0,10.113943352306837
noaa,noaa_3869,1948,PHILIPPINES,10.714,122.235,7.8,15.0,9.0,3500000.0,13.0,45500000.0,7.658011396657113
noaa,noaa_3891,1948,TURKMENISTAN,38.084,58.364,7.2,18.0,10.0,25000000.0,13.0,325000000.0,8.511883360978874
noaa,noaa_3914,1949,ECUADOR,-1.237,-78.305,6.5,60.0,,7500000.0,13.0,97500000.0,7.989004615698537
noaa,noaa_3898,1949,USA,47.167,-122.617,7.0,,8.0,25000000.0,13.0,325000000.0,8.511883360978874
noaa,noaa_3950,1950,INDIA,28.5,96.5,8.6,33.0,11.0,20000000.0,13.0,260000000.0,8.414973347970818
noaa,noaa_3947,1950,COLOMBIA,7.79,-72.61,6.1,15.0,9.0,20000000.0,13.0,260000000.0,8.414973347970818
noaa,noaa_3970,1951,EL SALVADOR,13.0,-87.8,6.5,100.0,,23000000.0,13.0,299000000.0,8.47567118832443
noaa,noaa_3999,1952,USA,35.0,-119.017,7.7,16.0,11.0,60000000.0,13.0,780000000.0,8.89209460269048
noaa,noaa_10863,1952,HAITI,18.504,-73.797,6.2,25.0,,20000000.0,13.0,260000000.0,8.414973347970818
noaa,noaa_4007,1952,RUSSIA,52.755,160.057,9.0,22.0,7.0,1000000.0,13.0,13000000.0,7.113943352306837
noaa,noaa_4021,1953,CHILE,-36.5,-72.5,7.6,60.0,10.0,500000000.0,13.0,6500000000.0,9.812913356642856
noaa,noaa_4020,1953,PAPUA NEW GUINEA,-4.449,152.868,7.4,35.0,,13000.0,13.0,169000.0,5.227886704613674
noaa,noaa_4029,1953,GREECE,38.3,20.8,7.2,,10.0,100000000.0,13.0,1300000000.0,9.113943352306837
noaa,noaa_4014,1953,TURKEY,40.175,27.648,7.3,10.0,,3570000.0,13.0,46410000.0,7.66661156841903
noaa,noaa_4046,1954,GREECE,39.228,22.162,6.7,10.0,10.0,3150000.0,13.0,40950000.0,7.612253906096437
noaa,noaa_4041,1954,AUSTRALIA,-34.93,138.69,4.9,4.0,8.0,17000000.0,13.0,221000000.0,8.344392273685111
noaa,noaa_4039,1954,MEXICO,17.283,-92.382,6.1,85.0,,17000000.0,13.0,221000000.0,8.344392273685111
noaa,noaa_4055,1954,ALGERIA,36.274,1.594,6.7,15.0,11.0,6000000.0,13.0,78000000.0,7.892094602690481
noaa,noaa_10680,1954,USA,40.846,-123.893,6.6,15.0,,2100000.0,13.0,27300000.0,7.4361626470407565
noaa,noaa_4066,1955,PHILIPPINES,7.658,123.157,7.4,35.0,8.0,5000000.0,13.0,65000000.0,7.812913356642856
noaa,noaa_4107,1956,IRAN,27.407,54.462,6.4,15.0,8.0,2800000.0,10.5,29400000.0,7.468347330412158
noaa,noaa_4139,1957,MEXICO,16.5,-99.1,7.9,25.0,7.0,25000000.0,10.5,262500000.0,8.419129307741976
noaa,noaa_10681,1957,USA,37.557,-122.724,5.7,15.0,,1000000.0,10.5,10500000.0,7.021189299069938
noaa,noaa_4167,1958,USA,58.37,-136.665,7.8,35.0,11.0,100000.0,10.5,1050000.0,6.021189299069938
noaa,noaa_4199,1959,USA,44.63,-110.891,7.2,10.0,10.0,11000000.0,10.5,115500000.0,8.062581984228164
noaa,noaa_4220,1960,IRAN,27.814,54.497,5.9,15.0,7.0,20000000.0,10.5,210000000.0,8.32221929473392
noaa,noaa_4234,1960,PERU,-6.8,-80.7,6.7,93.0,,550000.0,10.5,5775000.0,6.7615519885641815
noaa,noaa_4227,1960,CHILE,-38.143,-73.407,9.5,33.0,12.0,1000000000.0,10.5,10500000000.0,10.021189299069938
noaa,noaa_4216,1960,MOROCCO,30.45,-9.62,5.9,33.0,10.0,120000000.0,10.5,1260000000.0,9.100370545117563
noaa,noaa_10885,1961,AUSTRALIA,-34.55,150.5,5.6,27.0,,530000.0,10.5,5565000.0,6.745465168670727
noaa,noaa_4267,1962,BOSNIA-HERZEGOVINA,43.6,18.3,6.3,,,40000000.0,10.5,420000000.0,8.6232492903979
noaa,noaa_4276,1962,IRAN,35.63,49.87,7.2,27.0,9.0,30000000.0,10.5,315000000.0,8.4983105537896
noaa,noaa_4274,1962,USA,41.8,-111.8,5.8,37.0,7.0,1000000.0,10.5,10500000.0,7.021189299069938
noaa,noaa_4297,1963,MACEDONIA,42.1,21.3,6.0,5.0,10.0,1000000000.0,10.5,10500000000.0,10.021189299069938
noaa,noaa_4285,1963,LIBYA,32.6,21.0,5.4,5.0,9.0,5000000.0,10.5,52500000.0,7.720159303405957
noaa,noaa_4322,1964,JAPAN,38.384,139.232,7.6,57.0,8.0,800000000.0,10.5,8400000000.0,9.924279286061882
noaa,noaa_4329,1964,TURKEY,40.203,28.206,6.8,27.0,10.0,5000000.0,10.5,52500000.0,7.720159303405957
noaa,noaa_4311,1964,USA,60.908,-147.339,9.2,25.0,10.0,400000000.0,10.5,4200000000.0,9.6232492903979
noaa,noaa_4353,1965,EL SALVADOR,13.5,-89.3,6.0,23.0,6.0,35000000.0,10.5,367500000.0,8.565257343420214
noaa,noaa_4351,1965,USA,47.4,-122.3,6.6,59.0,8.0,28000000.0,10.5,294000000.0,8.468347330412158
noaa,noaa_4333,1965,ALGERIA,35.7,4.4,5.5,10.0,,2000000.0,10.5,21000000.0,7.3222192947339195
noaa,noaa_4341,1965,GREECE,39.4,24.0,6.3,18.0,,8000000.0,10.5,84000000.0,7.924279286061882
noaa,noaa_4345,1965,CHILE,-32.4,-71.2,7.3,61.0,,125000000.0,10.5,1312500000.0,9.118099312077995
noaa,noaa_4377,1966,GREECE,37.459,22.155,5.5,17.0,8.0,14000000.0,8.0,112000000.0,8.049218022670182
noaa,noaa_4383,1966,CHILE,-25.5,-70.7,7.8,47.0,8.0,400000.0,8.0,3200000.0,6.505149978319906
noaa,noaa_4381,1966,PERU,-10.748,-78.638,8.1,38.0,9.0,35000000.0,8.0,280000000.0,8.44715803134222
noaa,noaa_4376,1966,TURKEY,39.235,41.572,6.8,24.0,9.0,20000000.0,8.0,160000000.0,8.204119982655925
noaa,noaa_4369,1966,NEPAL,29.554,80.854,6.3,23.0,8.0,1000000.0,8.0,8000000.0,6.903089986991944
noaa,noaa_4362,1966,UGANDA,0.622,29.863,6.6,29.0,7.0,1500000.0,8.0,12000000.0,7.079181246047625
noaa,noaa_4417,1967,ALBANIA,41.5,20.5,6.5,29.0,10.0,20000000.0,8.0,160000000.0,8.204119982655925
noaa,noaa_4391,1967,COLOMBIA,2.85,-74.8,7.0,55.0,10.0,20000000.0,8.0,160000000.0,8.204119982655925
noaa,noaa_4403,1967,TURKEY,40.751,30.8,7.3,30.0,10.0,3000000.0,8.0,24000000.0,7.380211241711606
noaa,noaa_4398,1967,GREECE,39.513,21.304,5.9,9.0,9.0,5000000.0,8.0,40000000.0,7.6020599913279625
noaa,noaa_4410,1967,VENEZUELA,10.559,-67.33,6.6,25.0,8.0,140000000.0,8.0,1120000000.0,9.049218022670182
noaa,noaa_4421,1967,INDIA,17.412,73.885,6.6,15.0,8.0,400000.0,8.0,3200000.0,6.505149978319906
noaa,noaa_4445,1968,PERU,-5.61,-77.086,6.8,15.0,,100000.0,8.0,800000.0,5.903089986991944
noaa,noaa_4438,1968,JAPAN,40.8,143.2,8.2,7.0,6.0,131000000.0,8.0,1048000000.0,9.020361282647707
noaa,noaa_4428,1968,GREECE,39.368,24.957,7.2,15.0,10.0,600000.0,8.0,4800000.0,6.681241237375588
noaa,noaa_4423,1968,NICARAGUA,12.1,-86.2,4.6,5.0,,2000000.0,8.0,16000000.0,7.204119982655925
noaa,noaa_4456,1968,IRAN,34.158,59.083,7.1,13.0,10.0,35000000.0,8.0,280000000.0,8.44715803134222
noaa,noaa_4470,1968,MONTENEGRO,42.1,19.3,5.3,17.0,,38600000.0,8.0,308800000.0,8.489677291663698
noaa,noaa_4425,1968,ITALY,37.9,13.1,6.0,33.0,,320000000.0,8.0,2560000000.0,9.40823996531185
noaa,noaa_4440,1968,NEW ZEALAND,-41.7,172.0,7.1,21.0,,3000000.0,8.0,24000000.0,7.380211241711606
noaa,noaa_4448,1968,PHILIPPINES,16.5,122.2,7.3,36.0,,8000000.0,8.0,64000000.0,7.8061799739838875
noaa,noaa_4451,1968,MEXICO,16.519,-97.739,7.3,25.0,7.0,2400000.0,8.0,19200000.0,7.283301228703549
noaa,noaa_4468,1968,AUSTRALIA,-31.5,117.0,6.8,1.0,9.0,2600000.0,8.0,20800000.0,7.318063334962762
noaa,noaa_4497,1969,PERU,-11.841,-75.051,6.6,10.0,11.0,5000000.0,8.0,40000000.0,7.6020599913279625
noaa,noaa_4506,1969,BOSNIA-HERZEGOVINA,44.9,17.3,6.0,33.0,8.0,50000000.0,8.0,400000000.0,8.602059991327963
noaa,noaa_4495,1969,SOUTH AFRICA,-33.268,19.386,6.3,33.0,9.0,24000000.0,8.0,192000000.0,8.28330122870355
noaa,noaa_4502,1969,USA,38.467,-122.692,4.8,10.0,8.0,8350000.0,8.0,66800000.0,7.824776462475546
noaa,noaa_4483,1969,ETHIOPIA,11.875,41.208,6.2,35.0,9.0,320000.0,8.0,2560000.0,6.408239965311849
noaa,noaa_4531,1970,PERU,-9.2,-78.8,7.9,43.0,10.0,530000000.0,8.0,4240000000.0,9.627365856592732
noaa,noaa_4546,1970,COLOMBIA,6.2,-77.6,6.6,8.0,,400000.0,8.0,3200000.0,6.505149978319906
noaa,noaa_4523,1970,TURKEY,39.098,29.57,7.2,25.0,10.0,55600000.0,8.0,444800000.0,8.648164778574001
noaa,noaa_4550,1970,PAPUA NEW GUINEA,-4.907,145.471,7.3,8.0,8.0,1750000.0,8.0,14000000.0,7.146128035678238
noaa,noaa_4543,1970,IRAN,37.8,55.9,6.7,16.0,8.0,8000000.0,8.0,64000000.0,7.8061799739838875
noaa,noaa_4572,1971,CHILE,-32.5,-71.2,7.8,58.0,9.0,236400000.0,8.0,1891200000.0,9.276737459201161
noaa,noaa_4558,1971,USA,34.412,-118.4,6.5,8.0,11.0,505000000.0,8.0,4040000000.0,9.606381365110606
noaa,noaa_6800,1971,TURKEY,38.8,40.5,6.7,3.0,8.0,5000000.0,8.0,40000000.0,7.6020599913279625
noaa,noaa_4556,1971,ITALY,42.5,11.8,4.6,33.0,8.0,41000000.0,8.0,328000000.0,8.51587384371168
noaa,noaa_4576,1971,PAPUA NEW GUINEA,-4.868,153.182,8.1,51.0,6.0,1000000.0,8.0,8000000.0,6.903089986991944
noaa,noaa_4606,1972,ITALY,43.8,13.3,4.4,4.0,,300000000.0,8.0,2400000000.0,9.380211241711606
noaa,noaa_4619,1972,NICARAGUA,12.4,-86.1,6.2,5.0,,2968000000.0,8.0,23744000000.0,10.375553883598933
noaa,noaa_4596,1972,PERU,-6.8,-76.8,6.1,64.0,9.0,20000000.0,8.0,160000000.0,8.204119982655925
noaa,noaa_4634,1973,COSTA RICA,10.679,-84.759,6.5,33.0,,200000.0,8.0,1600000.0,6.204119982655925
noaa,noaa_4630,1973,AUSTRALIA,-34.13,150.27,5.3,13.0,6.0,530000.0,8.0,4240000.0,6.627365856592733
noaa,noaa_4638,1973,JAPAN,43.2,145.8,7.7,48.0,8.0,5000000.0,8.0,40000000.0,7.6020599913279625
noaa,noaa_4632,1973,PHILIPPINES,13.4,122.8,7.5,33.0,9.0,450000.0,8.0,3600000.0,6.556302500767287
noaa,noaa_4637,1973,USA,19.936,-155.098,6.5,48.0,8.0,5750000.0,8.0,46000000.0,7.662757831681574
noaa,noaa_4671,1974,PAKISTAN,35.1,72.9,6.2,22.0,7.0,3255000.0,8.0,26040000.0,7.415640979896154
noaa,noaa_4659,1974,VENEZUELA,10.56,-63.38,6.1,34.0,7.0,2500000.0,8.0,20000000.0,7.301029995663981
noaa,noaa_4666,1974,PERU,-12.27,-77.79,8.1,13.0,9.0,10000000.0,8.0,80000000.0,7.903089986991944
noaa,noaa_4704,1975,USA,19.451,-155.033,7.7,2.0,9.0,4000000.0,8.0,32000000.0,7.505149978319906
noaa,noaa_4688,1975,VENEZUELA,10.04,-69.75,6.1,33.0,,1200000.0,8.0,9600000.0,6.982271233039568
noaa,noaa_4697,1975,TURKEY,38.474,40.723,6.7,26.0,9.0,17000000.0,8.0,136000000.0,8.133538908370218
noaa,noaa_4692,1975,MYANMAR (BURMA),21.49,94.7,6.5,157.0,,500000.0,8.0,4000000.0,6.6020599913279625
noaa,noaa_4711,1976,GUATEMALA,15.324,-89.101,7.5,5.0,9.0,2147000000.0,3.8,8158600000.0,9.911615641053059
noaa,noaa_4752,1976,TURKEY,39.058,44.03,7.0,36.0,10.0,60000000.0,3.8,228000000.0,8.357934847000454
noaa,noaa_4731,1976,INDONESIA,-8.17,114.888,6.5,40.0,,195000000.0,3.8,741000000.0,8.869818207979328
noaa,noaa_4724,1976,UZBEKISTAN,40.38,63.47,7.0,10.0,10.0,85000000.0,3.8,323000000.0,8.509202522331103
noaa,noaa_4718,1976,ECUADOR,0.78,-79.8,6.7,9.0,,4000000.0,3.8,15200000.0,7.181843587944773
noaa,noaa_4735,1976,CHINA,39.57,117.98,7.5,23.0,11.0,5600000000.0,3.8,21280000000.0,10.32797162362301
noaa,noaa_4739,1976,PHILIPPINES,6.292,124.09,8.0,33.0,6.0,134000000.0,3.8,509200000.0,8.706888394981618
noaa,noaa_4720,1976,ITALY,46.356,13.275,6.5,9.0,10.0,3600000000.0,3.8,13680000000.0,10.136086097384098
noaa,noaa_4764,1977,PHILIPPINES,16.77,122.33,7.3,37.0,7.0,100000.0,3.8,380000.0,5.57978359661681
noaa,noaa_4784,1977,ARGENTINA,-31.119,-67.839,7.5,15.0,9.0,80000000.0,3.8,304000000.0,8.482873583608754
noaa,noaa_4779,1977,INDONESIA,-11.164,118.378,8.3,25.0,,1200000.0,3.8,4560000.0,6.658964842664435
noaa,noaa_4777,1977,TONGA,-22.878,-175.9,7.2,65.0,4.0,1200000.0,3.8,4560000.0,6.658964842664435
noaa,noaa_4760,1977,ROMANIA,45.777,26.703,7.5,89.0,,2000000000.0,3.8,7600000000.0,9.880813592280791
noaa,noaa_4806,1978,JAPAN,38.19,142.028,7.7,44.0,8.0,865000000.0,3.8,3287000000.0,9.516799704081624
noaa,noaa_4815,1978,IRAN,33.205,57.478,7.4,33.0,9.0,50000000.0,3.8,190000000.0,8.278753600952829
noaa,noaa_4813,1978,USA,34.284,-119.795,5.8,10.0,7.0,15000000.0,3.8,57000000.0,7.7558748556724915
noaa,noaa_4814,1978,GERMANY,48.29,9.01,5.3,8.0,8.0,150000000.0,3.8,570000000.0,8.755874855672491
noaa,noaa_4808,1978,GREECE,40.739,23.229,6.4,3.0,8.0,250000000.0,3.8,950000000.0,8.977723605288848
noaa,noaa_4847,1979,USA,32.634,-115.324,6.9,10.0,9.0,30000000.0,3.8,114000000.0,8.056904851336473
noaa,noaa_4836,1979,AUSTRALIA,-30.812,117.179,6.1,6.0,,1500000.0,3.8,5700000.0,6.7558748556724915
noaa,noaa_4858,1979,COLOMBIA,4.805,-76.217,6.4,108.0,9.0,20000000.0,3.8,76000000.0,7.880813592280791
noaa,noaa_4851,1979,INDONESIA,-7.656,108.252,6.1,62.0,,16000000.0,3.8,60800000.0,7.783903579272735
noaa,noaa_4838,1979,PANAMA,8.316,-82.943,6.5,28.0,,2000000.0,3.8,7600000.0,6.880813592280791
noaa,noaa_4828,1979,MEXICO,17.813,-101.276,7.6,49.0,,30000000.0,3.8,114000000.0,8.056904851336473
noaa,noaa_4830,1979,MONTENEGRO,42.096,19.209,6.9,10.0,9.0,2700000000.0,3.8,10260000000.0,10.011147360775798
noaa,noaa_4888,1980,NEPAL,29.598,81.092,6.5,18.0,,245000000.0,3.8,931000000.0,8.968949680981343
noaa,noaa_4891,1980,ECUADOR,-1.948,-80.017,5.6,55.0,,5000000.0,3.8,19000000.0,7.278753600952829
noaa,noaa_4868,1980,AZORES (PORTUGAL),38.727,-27.75,6.9,13.0,8.0,5000000.0,3.8,19000000.0,7.278753600952829
noaa,noaa_4877,1980,SERBIA,43.294,20.837,5.8,9.0,8.0,5000000.0,3.8,19000000.0,7.278753600952829
noaa,noaa_4882,1980,GREECE,39.269,23.041,6.4,14.0,9.0,5000000.0,3.8,19000000.0,7.278753600952829
noaa,noaa_4896,1980,ALGERIA,36.199,1.374,7.1,10.0,10.0,5200000000.0,3.8,19760000000.0,10.29578694025161
noaa,noaa_4907,1980,IRAN,34.587,50.652,6.0,33.0,7.0,5000000.0,3.8,19000000.0,7.278753600952829
noaa,noaa_4902,1980,PERU,-13.347,-74.545,4.9,71.0,,1000000.0,3.8,3800000.0,6.57978359661681
noaa,noaa_4876,1980,USA,46.214,-122.194,5.2,4.0,5.0,2000000000.0,3.8,7600000000.0,9.880813592280791
noaa,noaa_4894,1980,JAPAN,35.45,139.964,6.0,73.0,6.0,1000000.0,3.8,3800000.0,6.57978359661681
noaa,noaa_4903,1980,ITALY,40.914,15.366,6.9,20.0,10.0,20000000000.0,3.8,76000000000.0,10.880813592280791
noaa,noaa_4899,1980,MEXICO,18.211,-98.24,6.4,72.0,9.0,5000000.0,3.8,19000000.0,7.278753600952829
noaa,noaa_4925,1981,BOSNIA-HERZEGOVINA,44.849,17.312,5.5,16.0,8.0,5000000.0,3.8,19000000.0,7.278753600952829
noaa,noaa_4922,1981,PERU,-13.166,-74.522,5.2,24.0,,5000000.0,3.8,19000000.0,7.278753600952829
noaa,noaa_4915,1981,GREECE,38.222,22.934,6.7,33.0,8.0,812000000.0,3.8,3085600000.0,9.489339625857985
noaa,noaa_4923,1981,IRAN,30.013,57.794,7.0,33.0,9.0,1000000000.0,3.8,3800000000.0,9.57978359661681
noaa,noaa_4909,1981,INDONESIA,-4.576,139.232,6.7,33.0,,5000000.0,3.8,19000000.0,7.278753600952829
noaa,noaa_4911,1981,CHINA,30.927,101.098,6.8,33.0,8.0,5000000.0,3.8,19000000.0,7.278753600952829
noaa,noaa_4913,1981,ITALY,41.051,14.601,4.6,10.0,7.0,500000.0,3.8,1900000.0,6.278753600952829
noaa,noaa_4929,1981,PAKISTAN,35.693,73.594,5.9,33.0,,5000000.0,3.8,19000000.0,7.278753600952829
noaa,noaa_4919,1981,USA,33.133,-115.65,6.0,6.0,7.0,1500000.0,3.8,5700000.0,6.7558748556724915
noaa,noaa_4931,1981,COLOMBIA,8.117,-72.527,5.4,54.0,7.0,5000000.0,3.8,19000000.0,7.278753600952829
noaa,noaa_4939,1982,INDONESIA,-6.863,106.936,5.5,40.0,,3500000.0,3.8,13300000.0,7.123851640967086
noaa,noaa_4945,1982,EL SALVADOR,13.332,-89.387,7.3,73.0,7.0,5000000.0,3.8,19000000.0,7.278753600952829
noaa,noaa_4953,1982,MACEDONIA,40.883,19.59,5.5,21.0,8.0,5000000.0,3.8,19000000.0,7.278753600952829
noaa,noaa_4941,1982,PERU,-12.69,-76.065,6.1,95.0,6.0,5000000.0,3.8,19000000.0,7.278753600952829
noaa,noaa_4940,1982,JAPAN,42.158,142.361,6.7,44.0,10.0,1000000.0,3.8,3800000.0,6.57978359661681
noaa,noaa_4954,1982,YEMEN,14.701,44.379,6.0,5.0,8.0,2000000000.0,3.8,7600000000.0,9.880813592280791
noaa,noaa_4952,1982,ITALY,43.164,12.586,4.4,16.0,7.0,35000000.0,3.8,133000000.0,8.123851640967086
noaa,noaa_4957,1982,AFGHANISTAN,36.148,69.011,6.6,36.0,,1000000.0,3.8,3800000.0,6.57978359661681
noaa,noaa_4999,1983,TURKEY,40.33,42.187,6.9,12.0,,25000000.0,3.8,95000000.0,7.977723605288848
noaa,noaa_5009,1983,PAPUA NEW GUINEA,-5.392,151.868,6.4,26.0,5.0,25000000.0,3.8,95000000.0,7.977723605288848
noaa,noaa_4991,1983,CHILE,-26.535,-70.563,7.3,15.0,7.0,1000000.0,3.8,3800000.0,6.57978359661681
noaa,noaa_4973,1983,INDONESIA,5.723,94.722,6.6,79.0,7.0,1000000.0,3.8,3800000.0,6.57978359661681
noaa,noaa_4980,1983,COSTA RICA,9.652,-83.688,6.2,33.0,9.0,5000000.0,3.8,19000000.0,7.278753600952829
noaa,noaa_4987,1983,PHILIPPINES,18.231,120.86,6.5,29.0,8.0,2227000.0,3.8,8462600.0,6.927503813650849
noaa,noaa_4968,1983,COLOMBIA,2.461,-76.686,4.9,22.0,8.0,410900000.0,3.8,1561420000.0,9.193519737878681
noaa,noaa_5018,1983,AFGHANISTAN,36.372,70.738,7.2,215.0,7.0,3000000.0,3.8,11400000.0,7.056904851336473
noaa,noaa_4963,1983,MACEDONIA,41.959,21.54,4.7,24.0,7.0,500000.0,3.8,1900000.0,6.278753600952829
noaa,noaa_4975,1983,PERU,-4.843,-78.103,6.5,104.0,,500000.0,3.8,1900000.0,6.278753600952829
noaa,noaa_5004,1983,BELGIUM,50.696,5.346,5.0,10.0,7.0,50000000.0,3.8,190000000.0,8.278753600952829
noaa,noaa_4978,1983,JAPAN,40.462,139.102,7.7,24.0,8.0,800000000.0,3.8,3040000000.0,9.482873583608754
noaa,noaa_5011,1983,GUINEA,11.866,-13.529,6.2,11.0,9.0,8000000.0,3.8,30400000.0,7.482873583608754
noaa,noaa_4983,1983,IRAN,36.948,49.18,5.0,41.0,6.0,5000000.0,3.8,19000000.0,7.278753600952829
noaa,noaa_4971,1983,TURKMENISTAN,39.042,48.714,4.6,33.0,5.0,5000000.0,3.8,19000000.0,7.278753600952829
noaa,noaa_4977,1983,USA,36.219,-120.317,6.2,10.0,8.0,31000000.0,3.8,117800000.0,8.071145290451083
noaa,noaa_5002,1983,CHINA,35.206,115.213,5.3,19.0,7.0,5000000.0,3.8,19000000.0,7.278753600952829
noaa,noaa_5046,1984,JAPAN,35.789,137.488,6.1,10.0,6.0,43000000.0,3.8,163400000.0,8.213252052196397
noaa,noaa_5043,1984,INDONESIA,1.761,99.075,5.2,33.0,,1000000.0,3.8,3800000.0,6.57978359661681
noaa,noaa_5022,1984,AFGHANISTAN,34.616,70.484,5.8,33.0,4.0,5000000.0,3.8,19000000.0,7.278753600952829
noaa,noaa_5028,1984,UZBEKISTAN,40.32,63.35,7.0,15.0,9.0,5000000.0,3.8,19000000.0,7.278753600952829
noaa,noaa_5027,1984,PAKISTAN,36.431,70.826,6.1,208.0,6.0,5000000.0,3.8,19000000.0,7.278753600952829
noaa,noaa_5035,1984,ITALY,43.26,12.558,5.3,12.0,8.0,25000000.0,3.8,95000000.0,7.977723605288848
noaa,noaa_5030,1984,USA,37.32,-121.698,6.1,8.0,8.0,8000000.0,3.8,30400000.0,7.482873583608754
noaa,noaa_5072,1985,CHINA,39.431,75.224,7.5,7.0,7.0,5000000.0,3.8,19000000.0,7.278753600952829
noaa,noaa_5070,1985,AFGHANISTAN,36.19,70.896,6.6,99.0,8.0,2000000.0,3.8,7600000.0,6.880813592280791
noaa,noaa_5076,1985,MEXICO,18.19,-102.533,8.1,28.0,9.0,4000000000.0,3.8,15200000000.0,10.181843587944773
noaa,noaa_5068,1985,PAPUA NEW GUINEA,-5.599,151.045,7.1,27.0,8.0,1000000.0,3.8,3800000.0,6.57978359661681
noaa,noaa_5054,1985,ARGENTINA,-33.106,-68.71,6.0,15.0,8.0,5000000.0,3.8,19000000.0,7.278753600952829
noaa,noaa_5056,1985,CHILE,-33.132,-71.708,8.0,40.0,8.0,1500000000.0,3.8,5700000000.0,9.755874855672491
noaa,noaa_5082,1985,TAJIKISTAN,40.301,69.823,5.9,16.0,9.0,200000000.0,3.8,760000000.0,8.880813592280791
noaa,noaa_5099,1986,VENEZUELA,10.597,-62.928,6.2,19.0,7.0,1000000.0,2.4,2400000.0,6.380211241711606
noaa,noaa_5108,1986,GREECE,37.014,22.176,5.8,11.0,10.0,5000000.0,2.4,12000000.0,7.079181246047625
noaa,noaa_5118,1986,BRAZIL,-5.494,-35.769,4.8,5.0,,5000000.0,2.4,12000000.0,7.079181246047625
noaa,noaa_5094,1986,TURKEY,37.993,37.806,5.9,10.0,,5000000.0,2.4,12000000.0,7.079181246047625
noaa,noaa_7877,1986,PAPUA NEW GUINEA,-4.448,143.943,7.1,102.0,7.0,500000.0,2.4,1200000.0,6.079181246047625
noaa,noaa_5100,1986,USA,34.0,-116.61,6.0,12.0,7.0,4500000.0,2.4,10800000.0,7.033423755486949
noaa,noaa_5092,1986,PERU,-13.41,-71.785,4.6,51.0,6.0,22000000.0,2.4,52800000.0,7.722633922533812
noaa,noaa_5119,1986,BULGARIA,43.274,25.912,5.6,21.0,7.0,5000000.0,2.4,12000000.0,7.079181246047625
noaa,noaa_5107,1986,ROMANIA,45.547,26.316,6.9,132.0,8.0,730000000.0,2.4,1752000000.0,9.243534101832061
noaa,noaa_5111,1986,EL SALVADOR,13.827,-89.118,5.4,7.0,,1500000000.0,2.4,3600000000.0,9.556302500767288
noaa,noaa_5138,1987,CHILE,-19.022,-69.991,6.9,70.0,7.0,1000000.0,2.4,2400000.0,6.380211241711606
noaa,noaa_5124,1987,ALGERIA,35.964,1.374,4.3,10.0,,1000000.0,2.4,2400000.0,6.380211241711606
noaa,noaa_5143,1987,USA,34.061,-118.078,5.7,10.0,8.0,358000000.0,2.4,859200000.0,8.93409426835548
noaa,noaa_5126,1987,PAPUA NEW GUINEA,-6.088,147.689,7.6,55.0,7.0,2625000.0,2.4,6300000.0,6.799340549453582
noaa,noaa_5127,1987,NEW ZEALAND,-37.965,176.765,6.6,19.0,10.0,210000000.0,2.4,504000000.0,8.702430536445526
noaa,noaa_5153,1987,JAPAN,35.362,140.214,6.0,63.0,8.0,5000000.0,2.4,12000000.0,7.079181246047625
noaa,noaa_5130,1987,ECUADOR,0.083,-77.785,7.2,10.0,,1500000000.0,2.4,3600000000.0,9.556302500767288
noaa,noaa_5150,1987,INDONESIA,-8.247,124.155,6.5,33.0,,5000000.0,2.4,12000000.0,7.079181246047625
noaa,noaa_5167,1988,NEPAL,26.755,86.616,6.6,57.0,8.0,131500000.0,2.4,315600000.0,8.499136994537382
noaa,noaa_5184,1988,ARMENIA,40.987,44.185,6.8,5.0,10.0,16200000000.0,2.4,38880000000.0,10.589726256254236
noaa,noaa_5156,1988,AUSTRALIA,-19.847,133.803,6.3,5.0,,900000.0,2.4,2160000.0,6.334453751150931
noaa,noaa_5176,1988,CHINA,22.789,99.611,7.3,18.0,10.0,269000000.0,2.4,645600000.0,8.809963521714014
noaa,noaa_5187,1989,TAJIKISTAN,38.465,68.694,5.3,33.0,7.0,24800000.0,2.4,59520000.0,7.774662922537822
noaa,noaa_5207,1989,INDONESIA,-4.511,139.022,5.8,14.0,,1000000.0,2.4,2400000.0,6.380211241711606
noaa,noaa_5191,1989,MALAWI,-13.702,34.42,6.1,30.0,,28000000.0,2.4,67200000.0,7.827369273053825
noaa,noaa_5213,1989,USA,37.036,-121.883,6.9,19.0,9.0,5600000000.0,2.4,13440000000.0,10.128399268717807
noaa,noaa_5216,1989,ALGERIA,36.788,2.448,5.7,6.0,8.0,5000000.0,2.4,12000000.0,7.079181246047625
noaa,noaa_5199,1989,IRAN,30.167,50.921,5.8,31.0,,5000000.0,2.4,12000000.0,7.079181246047625
noaa,noaa_5221,1989,AUSTRALIA,-32.967,151.619,5.4,10.0,8.0,1000000000.0,2.4,2400000000.0,9.380211241711606
noaa,noaa_5220,1989,PHILIPPINES,8.337,126.729,7.5,24.0,6.0,1000000.0,2.4,2400000.0,6.380211241711606
noaa,noaa_5192,1989,CHINA,29.987,99.195,6.2,13.0,,164000000.0,2.4,393600000.0,8.595055089759304
noaa,noaa_5271,1990,COSTA RICA,9.869,-84.302,5.7,17.0,8.0,19500000.0,2.4,46800000.0,7.670245853074124
noaa,noaa_5240,1990,PERU,-6.016,-77.229,6.5,24.0,6.0,1000000.0,2.4,2400000.0,6.380211241711606
noaa,noaa_5265,1990,INDONESIA,3.908,97.457,6.8,48.0,,2100000.0,2.4,5040000.0,6.702430536445525
noaa,noaa_5233,1990,CHINA,35.986,100.245,6.9,8.0,,58350000.0,2.4,140040000.0,8.146252102092996
noaa,noaa_5223,1990,USA,34.14,-117.7,5.5,5.0,7.0,12700000.0,2.4,30480000.0,7.484014962667563
noaa,noaa_5241,1990,ROMANIA,45.841,26.668,6.7,89.0,6.0,23700000.0,2.4,56880000.0,7.75495958772171
noaa,noaa_5268,1990,ITALY,37.3,15.438,5.3,11.0,7.0,500000000.0,2.4,1200000000.0,9.079181246047625
noaa,noaa_5224,1990,PAKISTAN,28.925,66.331,6.1,10.0,,1000000.0,2.4,2400000.0,6.380211241711606
noaa,noaa_5253,1990,PHILIPPINES,15.679,121.172,7.8,25.0,9.0,369600000.0,2.4,887040000.0,8.947943204259674
noaa,noaa_5248,1990,IRAN,36.957,49.409,7.3,19.0,7.0,7200000000.0,2.4,17280000000.0,10.237543738142875
noaa,noaa_5307,1991,INDIA,30.78,78.774,7.0,10.0,8.0,60000000.0,2.4,144000000.0,8.15836249209525
noaa,noaa_5274,1991,AFGHANISTAN,35.993,70.423,6.4,142.0,7.0,36000000.0,2.4,86400000.0,7.936513742478893
noaa,noaa_5282,1991,COSTA RICA,9.685,-83.073,7.6,10.0,10.0,510000000.0,2.4,1224000000.0,9.087781417809543
noaa,noaa_5296,1991,INDONESIA,-8.099,124.681,6.5,29.0,,7700000.0,2.4,18480000.0,7.266701966884088
noaa,noaa_5295,1991,USA,34.262,-118.002,5.1,11.0,7.0,33500000.0,2.4,80400000.0,7.905256048748451
noaa,noaa_5286,1991,GEORGIA,42.453,43.673,7.0,17.0,9.0,1700000000.0,2.4,4080000000.0,9.61066016308988
noaa,noaa_5317,1992,TURKEY,39.71,39.605,6.9,27.0,8.0,750000000.0,2.4,1800000000.0,9.255272505103306
noaa,noaa_5332,1992,KYRGYZSTAN,42.142,73.575,7.5,27.0,9.0,130000000.0,2.4,312000000.0,8.494154594018443
noaa,noaa_5339,1992,EGYPT,29.778,31.144,5.3,22.0,,1200000000.0,2.4,2880000000.0,9.459392487759231
noaa,noaa_5343,1992,INDONESIA,-8.48,121.896,7.8,28.0,11.0,100000000.0,2.4,240000000.0,8.380211241711606
noaa,noaa_5328,1992,USA,34.201,-116.436,7.6,1.0,9.0,92000000.0,2.4,220800000.0,8.343999069057162
noaa,noaa_5319,1992,NETHERLANDS,51.153,5.798,5.2,21.0,8.0,100000000.0,2.4,240000000.0,8.380211241711606
noaa,noaa_5335,1992,NICARAGUA,11.5,-87.609,7.6,30.0,,30000000.0,2.4,72000000.0,7.857332496431268
noaa,noaa_5351,1993,USA,45.035,-122.607,5.6,21.0,7.0,28400000.0,2.4,68160000.0,7.8335295817586434
noaa,noaa_5357,1993,JAPAN,42.851,139.197,7.7,17.0,8.0,1207000000.0,2.4,2896800000.0,9.461918511808955
noaa,noaa_5360,1993,USA TERRITORY,12.982,144.801,7.8,59.0,9.0,250000000.0,2.4,600000000.0,8.778151250383644
noaa,noaa_5364,1993,INDIA,18.066,76.451,6.2,7.0,8.0,300000000.0,2.4,720000000.0,8.857332496431269
noaa,noaa_5366,1993,PAPUA NEW GUINEA,-5.889,146.02,6.9,25.0,,5000000.0,2.4,12000000.0,7.079181246047625
noaa,noaa_5380,1994,IRAN,30.853,60.596,6.1,6.0,7.0,1400000.0,2.4,3360000.0,6.526339277389844
noaa,noaa_5379,1994,INDONESIA,-4.967,104.302,6.9,23.0,,170476000.0,2.4,409142400.0,8.611874488376058
noaa,noaa_5397,1994,JAPAN,40.525,143.419,7.8,27.0,9.0,170400000.0,2.4,408960000.0,8.611680832142287
noaa,noaa_5394,1994,PHILIPPINES,13.525,121.067,7.1,32.0,,3700000.0,2.4,8880000.0,6.948412965778601
noaa,noaa_5387,1994,COLOMBIA,2.917,-76.057,6.8,12.0,,2400000.0,2.4,5760000.0,6.760422483423212
noaa,noaa_5377,1994,UGANDA,0.593,30.037,6.2,14.0,,70000000.0,2.4,168000000.0,8.225309281725863
noaa,noaa_10884,1994,AUSTRALIA,-32.956,151.228,5.3,10.0,7.0,30000000.0,2.4,72000000.0,7.857332496431268
noaa,noaa_5372,1994,USA,34.213,-118.537,6.7,18.0,9.0,40000000000.0,2.4,96000000000.0,10.982271233039569
noaa,noaa_5419,1995,TURKEY,38.063,30.134,6.4,33.0,8.0,205800000.0,2.4,493920000.0,8.693656612138021
noaa,noaa_5399,1995,JAPAN,34.59,135.069,6.9,17.0,11.0,100000000000.0,2.4,240000000000.0,11.380211241711606
noaa,noaa_5414,1995,MYANMAR (BURMA),21.946,99.172,6.8,10.0,,36100000.0,2.4,86640000.0,7.937718443617264
noaa,noaa_5413,1995,GREECE,38.401,22.283,6.5,14.0,7.0,660000000.0,2.4,1584000000.0,9.199755177253476
noaa,noaa_5405,1995,CYPRUS,35.046,32.279,5.9,10.0,7.0,4340000.0,2.4,10416000.0,7.017700971224117
noaa,noaa_5412,1995,RUSSIA,52.629,142.827,7.1,11.0,9.0,300000000.0,2.4,720000000.0,8.857332496431269
noaa,noaa_5424,1995,CHINA,26.003,102.227,6.2,10.0,,80000000.0,2.4,192000000.0,8.28330122870355
noaa,noaa_5416,1995,CHILE,-23.34,-70.294,8.0,46.0,7.0,1791000.0,2.4,4298400.0,6.633306827560638
noaa,noaa_5404,1995,COLOMBIA,4.104,-76.622,6.4,74.0,,50000000.0,2.4,120000000.0,8.079181246047625
noaa,noaa_5437,1996,ECUADOR,-1.036,-78.737,5.9,33.0,6.0,7000000.0,1.83,12810000.0,7.107549129744687
noaa,noaa_5430,1996,CHINA,27.291,100.276,6.6,11.0,9.0,506000000.0,1.83,925980000.0,8.96660160657023
noaa,noaa_5433,1996,INDONESIA,-0.891,136.952,8.2,33.0,9.0,4200000.0,1.83,7686000.0,6.88570038012833
noaa,noaa_5473,1997,ITALY,43.084,12.812,6.0,10.0,10.0,4524900000.0,1.83,8280567000.0,9.91806007549749
noaa,noaa_5465,1997,INDIA,23.083,80.041,5.8,36.0,8.0,143000000.0,1.83,261690000.0,8.417787127195492
noaa,noaa_5467,1997,VENEZUELA,10.598,-63.486,7.0,20.0,5.0,81000000.0,1.83,148230000.0,8.170936108609078
noaa,noaa_5474,1997,INDONESIA,-3.776,119.727,5.9,33.0,,1100000.0,1.83,2013000.0,6.303843774888654
noaa,noaa_5475,1997,CHILE,-30.933,-71.22,7.1,58.0,,48000000.0,1.83,87840000.0,7.9436923271060165
noaa,noaa_5461,1997,IRAN,33.825,59.809,7.2,10.0,10.0,100000000.0,1.83,183000000.0,8.26245108973043
noaa,noaa_5459,1997,TRINIDAD AND TOBAGO,11.112,-60.892,6.7,5.0,,25000000.0,1.83,45750000.0,7.660391098402467
noaa,noaa_5497,1998,TURKEY,36.878,35.307,6.3,33.0,8.0,550000000.0,1.83,1006500000.0,9.002813779224674
noaa,noaa_5498,1998,AZORES (PORTUGAL),38.65,-28.626,6.2,10.0,,72000000.0,1.83,131760000.0,8.119783586161699
noaa,noaa_5510,1998,INDONESIA,-2.071,124.891,7.7,33.0,7.0,200000000.0,1.83,366000000.0,8.563481085394411
noaa,noaa_5481,1998,CHINA,41.083,114.5,5.7,30.0,8.0,285500000.0,1.83,522465000.0,8.718057202312297
noaa,noaa_5495,1998,AFGHANISTAN,37.106,70.11,6.6,33.0,,10000000.0,1.83,18300000.0,7.26245108973043
noaa,noaa_5512,1999,COLOMBIA,4.461,-75.724,6.2,17.0,,1857366000.0,1.83,3398979780.0,9.531348581040682
noaa,noaa_5549,1999,INDONESIA,-6.845,105.555,6.5,56.0,,3900000.0,1.83,7137000.0,6.853515696756928
noaa,noaa_5523,1999,MEXICO,18.386,-97.436,7.0,70.0,,226800000.0,1.83,415044000.0,8.618094139951298
noaa,noaa_5522,1999,AZERBAIJAN,40.802,47.448,5.4,33.0,5.0,5000000.0,1.83,9150000.0,6.9614210940664485
noaa,noaa_5535,1999,TAIWAN,23.834,120.813,7.6,25.0,10.0,14000000000.0,1.83,25620000000.0,10.408579125408668
noaa,noaa_5527,1999,TURKEY,40.76,29.97,7.6,13.0,10.0,20000000000.0,1.83,36600000000.0,10.563481085394411
noaa,noaa_5531,1999,GREECE,38.119,23.605,6.0,10.0,9.0,4200000000.0,1.83,7686000000.0,9.88570038012833
noaa,noaa_5548,1999,PHILIPPINES,15.766,119.74,7.3,33.0,7.0,1794000.0,1.83,3283020.0,6.516273528438503
noaa,noaa_5541,1999,CHINA,39.899,113.983,5.3,10.0,,44000000.0,1.83,80520000.0,7.905903766216617
noaa,noaa_5515,1999,SPAIN,38.193,-1.566,4.8,10.0,7.0,44004000.0,1.83,80527320.0,7.905943245738657
noaa,noaa_5519,1999,INDIA,30.512,79.403,6.6,15.0,8.0,70000000.0,1.83,128100000.0,8.107549129744687
noaa,noaa_5550,1999,ALGERIA,35.321,-1.281,5.6,10.0,7.0,60929000.0,1.83,111500070.0,8.047275140035339
noaa,noaa_5553,2000,CHINA,25.607,101.063,5.9,33.0,,73500000.0,1.83,134505000.0,8.128738428814625
noaa,noaa_5578,2000,JAPAN,35.456,133.134,6.7,10.0,9.0,150000000.0,1.83,274500000.0,8.438542348786111
noaa,noaa_5574,2000,RUSSIA,48.786,142.246,6.8,10.0,6.0,920000.0,1.83,1683600.0,6.226238917075984
noaa,noaa_5557,2000,INDONESIA,-1.105,123.573,7.6,26.0,,30000000.0,1.83,54900000.0,7.739572344450092
noaa,noaa_5576,2000,USA,38.379,-122.413,5.0,10.0,7.0,50000000.0,1.83,91500000.0,7.9614210940664485
noaa,noaa_8209,2000,ICELAND,63.966,-20.487,6.5,10.0,,20000000.0,1.83,36600000.0,7.563481085394411
noaa,noaa_5587,2001,EL SALVADOR,13.049,-88.66,7.7,60.0,8.0,753000000.0,1.83,1377990000.0,9.13924606593113
noaa,noaa_5601,2001,PERU,-16.265,-73.641,8.4,33.0,8.0,200000000.0,1.83,366000000.0,8.563481085394411
noaa,noaa_5596,2001,JAPAN,34.083,132.526,6.8,50.0,9.0,500000000.0,1.83,915000000.0,8.961421094066448
noaa,noaa_5595,2001,USA,47.149,-122.727,6.8,52.0,8.0,2000000000.0,1.83,3660000000.0,9.563481085394411
noaa,noaa_5598,2001,CHINA,27.689,101.003,5.5,33.0,,36000000.0,1.83,65880000.0,7.818753590497717
noaa,noaa_5589,2001,INDIA,23.388,70.326,7.6,17.0,10.0,2623000000.0,1.83,4800090000.0,9.681249380320782
noaa,noaa_5660,2002,ITALY,41.789,14.872,5.7,10.0,7.0,796000000.0,1.83,1456680000.0,9.163364157468099
noaa,noaa_5632,2002,SERBIA,42.436,21.466,5.7,10.0,,350000000.0,1.83,640500000.0,8.806519134080705
noaa,noaa_5639,2002,IRAN,35.626,49.047,6.5,10.0,8.0,300000000.0,1.83,549000000.0,8.739572344450092
noaa,noaa_5625,2002,PHILIPPINES,6.033,124.249,7.5,31.0,,1714000.0,1.83,3136620.0,6.496461907317609
noaa,noaa_5663,2002,USA,63.517,-147.444,7.9,5.0,9.0,56000000.0,1.83,102480000.0,8.01063911673663
noaa,noaa_5725,2003,RUSSIA,50.038,87.813,7.3,16.0,10.0,10600000.0,1.83,19398000.0,7.2877569549952
noaa,noaa_5707,2003,CHINA,25.975,101.29,5.9,10.0,,75000000.0,1.83,137250000.0,8.13751235312213
noaa,noaa_5751,2003,IRAN,28.995,58.311,6.6,10.0,9.0,500000000.0,1.83,915000000.0,8.961421094066448
noaa,noaa_5708,2003,JAPAN,38.432,141.003,5.5,10.0,,411000000.0,1.83,752130000.0,8.876292911606498
noaa,noaa_5749,2003,USA,35.706,-121.102,6.6,8.0,8.0,263000000.0,1.83,481290000.0,8.682406838220187
noaa,noaa_10733,2003,ITALY,44.792,8.892,5.0,4.0,,561000000.0,1.83,1026630000.0,9.01141395098659
noaa,noaa_5673,2003,MEXICO,18.77,-104.104,7.5,24.0,8.0,116300000.0,1.83,212829000.0,8.328030804458878
noaa,noaa_5694,2003,ALGERIA,36.964,3.634,6.8,12.0,10.0,5000000000.0,1.83,9150000000.0,9.961421094066448
noaa,noaa_5765,2004,MOROCCO,35.142,-3.997,6.4,0.0,9.0,400000000.0,1.83,732000000.0,8.864511081058392
noaa,noaa_5783,2004,IRAN,36.29,51.61,6.3,17.0,8.0,165000000.0,1.83,301950000.0,8.479935033944336
noaa,noaa_5813,2004,GUADELOUPE,15.679,-61.706,6.3,14.0,,155000000.0,1.83,283650000.0,8.452782787900722
noaa,noaa_5768,2004,CHINA,45.382,118.256,5.4,19.0,,74000000.0,1.83,135420000.0,8.131682809461406
noaa,noaa_5823,2004,INDONESIA,3.295,95.982,9.1,30.0,,10000000000.0,1.83,18300000000.0,10.26245108973043
noaa,noaa_5807,2004,JAPAN,37.226,138.779,6.6,16.0,,28000000000.0,1.83,51240000000.0,10.70960912107265
noaa,noaa_6657,2005,INDONESIA,2.085,97.108,8.6,30.0,,37360000.0,1.83,68368800.0,7.834857957288485
noaa,noaa_8135,2005,CHILE,-19.987,-69.197,7.7,116.0,,5050000.0,1.83,9241500.0,6.965742467849091
noaa,noaa_6778,2005,PAKISTAN,34.451,73.649,7.6,15.0,8.0,6680000000.0,1.83,12224400000.0,10.087227552205976
noaa,noaa_7245,2006,INDONESIA,-7.961,110.446,6.3,13.0,,3100000000.0,1.45,4495000000.0,9.652729696069247
noaa,noaa_7368,2006,USA,19.878,-155.935,6.7,39.0,8.0,150000000.0,1.45,217500000.0,8.337459261290656
noaa,noaa_7241,2006,RUSSIA,60.949,167.089,7.6,22.0,,55000000.0,1.45,79750000.0,7.9017306917292185
noaa,noaa_7531,2007,RUSSIA,47.116,141.798,6.2,5.0,,347700000.0,1.45,504165000.0,8.702572692918233
noaa,noaa_7525,2007,CHINA,23.028,101.052,6.1,5.0,,310000000.0,1.45,449500000.0,8.652729696069247
noaa,noaa_7537,2007,PERU,-13.386,-76.603,8.0,39.0,8.0,600000000.0,1.45,870000000.0,8.939519252618618
noaa,noaa_7675,2007,MARTINIQUE,14.944,-61.274,7.4,156.0,,103000000.0,1.45,149350000.0,8.174205226940147
noaa,noaa_7526,2007,UK,51.085,1.009,4.6,10.0,6.0,60000000.0,1.45,87000000.0,7.939519252618618
noaa,noaa_7521,2007,JAPAN,37.57,138.478,6.6,10.0,,12500000000.0,1.45,18125000000.0,10.25827801524303
noaa,noaa_7768,2008,RWANDA,-2.404,28.918,4.9,10.0,,100000000.0,1.45,145000000.0,8.161368002234974
noaa,noaa_8175,2008,RUSSIA,51.607,104.158,6.2,16.0,8.0,83500000.0,1.45,121075000.0,8.083054477718576
noaa,noaa_7872,2008,UK,53.403,-0.332,4.8,18.0,,68000000.0,1.45,98600000.0,7.993876914941211
noaa,noaa_7764,2008,CONGO,-2.296,28.9,5.9,10.0,,7000000.0,1.45,10150000.0,7.006466042249231
noaa,noaa_7871,2008,USA,41.153,-114.867,6.0,7.0,8.0,8385000.0,1.45,12158250.0,7.08487106917708
noaa,noaa_7843,2008,CHINA,30.98,103.396,7.9,10.0,9.0,86000000000.0,1.45,124700000000.0,11.095866453478543
noaa,noaa_8297,2009,HONDURAS,16.72,-86.236,7.3,10.0,,100000000.0,1.45,145000000.0,8.161368002234974
noaa,noaa_8264,2009,ITALY,42.334,13.334,6.3,9.0,,2500000000.0,1.45,3625000000.0,9.559308010907012
noaa,noaa_8409,2009,INDONESIA,-0.72,99.867,7.5,81.0,,2200000000.0,1.45,3190000000.0,9.503790683057181
noaa,noaa_8210,2009,COSTA RICA,10.165,-84.197,6.1,14.0,,502000000.0,1.45,727900000.0,8.862071719379994
noaa,noaa_8408,2009,SAMOA,-15.489,-172.095,8.1,18.0,,285000000.0,1.45,413250000.0,8.616212862243485
noaa,noaa_8972,2010,CHINA,33.165,96.548,6.9,17.0,,500000000.0,1.45,725000000.0,8.860338006570993
noaa,noaa_8693,2010,TAJIKISTAN,38.245,71.467,5.1,47.0,,1500000.0,1.45,2175000.0,6.337459261290656
noaa,noaa_8932,2010,MEXICO,32.297,-115.278,7.2,4.0,,1150000000.0,1.45,1667500000.0,9.222065842588586
noaa,noaa_9152,2010,TAIWAN,22.918,120.795,6.3,21.0,,1000000000.0,1.45,1450000000.0,9.161368002234974
noaa,noaa_9592,2010,INDONESIA,-3.487,100.082,7.8,20.0,,39000000.0,1.45,56550000.0,7.752432609261474
noaa,noaa_8872,2010,CHILE,-36.122,-72.898,8.8,22.0,9.0,30000000000.0,1.45,43500000000.0,10.638489256954637
noaa,noaa_9033,2010,AUSTRALIA,-30.794,121.406,5.2,0.0,,39000000.0,1.45,56550000.0,7.752432609261474
noaa,noaa_8732,2010,HAITI,18.457,-72.533,7.0,13.0,,8000000000.0,1.45,11600000000.0,10.064457989226918
noaa,noaa_9492,2010,NEW ZEALAND,-43.522,171.83,7.0,12.0,9.0,6500000000.0,1.45,9425000000.0,9.97428135887783
noaa,noaa_8712,2010,USA,40.652,-124.692,6.5,29.0,,43000000.0,1.45,62350000.0,7.7948364578145615
noaa,noaa_9849,2011,CHINA,43.648,82.437,5.6,28.0,,10500000.0,1.45,15225000.0,7.182557301304913
noaa,noaa_9801,2011,MYANMAR (BURMA),20.687,99.822,6.8,8.0,6.0,3600000.0,1.45,5220000.0,6.717670503002262
noaa,noaa_9845,2011,TURKEY,38.722,43.513,7.1,16.0,,1500000000.0,1.45,2175000000.0,9.337459261290656
noaa,noaa_9842,2011,INDIA,27.73,88.155,6.9,50.0,,2100000000.0,1.45,3045000000.0,9.483587296968894
noaa,noaa_9799,2011,JAPAN,38.297,142.373,9.1,29.0,,220136600000.0,1.45,319198070000.0,11.504060256767401
noaa,noaa_9821,2011,SPAIN,37.699,-1.672,5.1,1.0,,260200000.0,1.45,377290000.0,8.576675294460543
noaa,noaa_9861,2011,USA,37.936,-77.933,5.8,6.0,7.0,200000000.0,1.45,290000000.0,8.462397997898956
noaa,noaa_9779,2011,NEW ZEALAND,-43.583,172.68,6.1,6.0,,15000000000.0,1.45,21750000000.0,10.337459261290656
noaa,noaa_9943,2012,MYANMAR (BURMA),23.005,95.885,6.8,14.0,,1170000.0,1.45,1696500.0,6.2295538639811365
noaa,noaa_9928,2012,IRAN,38.329,46.826,6.5,11.0,,599000000.0,1.45,868550000.0,8.938794824624287
noaa,noaa_9920,2012,CHILE,-35.2,-72.217,7.2,41.0,,100000000.0,1.45,145000000.0,8.161368002234974
noaa,noaa_9901,2012,ITALY,44.851,11.086,5.9,10.0,,15800000000.0,1.45,22910000000.0,10.360025089189397
noaa,noaa_9936,2012,COSTA RICA,10.085,-85.315,7.6,35.0,,45000000.0,1.45,65250000.0,7.814580516010318
noaa,noaa_9876,2012,MEXICO,16.493,-98.231,7.4,20.0,8.0,600000000.0,1.45,870000000.0,8.939519252618618
noaa,noaa_9870,2012,PHILIPPINES,9.999,123.206,6.7,11.0,8.0,9000000.0,1.45,13050000.0,7.1156105116743
noaa,noaa_9942,2012,GUATEMALA,13.988,-91.895,7.3,24.0,,210000000.0,1.45,304500000.0,8.483587296968894
noaa,noaa_9937,2012,CHINA,27.575,103.983,5.6,10.0,,1000000000.0,1.45,1450000000.0,9.161368002234974
noaa,noaa_9991,2013,INDIA,33.061,75.863,5.7,15.0,,19500000.0,1.45,28275000.0,7.451402613597493
noaa,noaa_9958,2013,SOLOMON ISLANDS,-10.799,165.114,7.9,24.0,8.0,36000000.0,1.45,52200000.0,7.717670503002262
noaa,noaa_10021,2013,NEW ZEALAND,-41.704,174.337,6.5,17.0,,50000000.0,1.45,72500000.0,7.860338006570994
noaa,noaa_10005,2013,INDONESIA,4.645,96.665,6.1,13.0,,113000000.0,1.45,163850000.0,8.214446445718394
noaa,noaa_10048,2013,PHILIPPINES,9.88,124.117,7.1,19.0,9.0,51800000.0,1.45,75110000.0,7.8756977619802075
noaa,noaa_9975,2013,TAIWAN,23.828,121.215,5.9,19.0,6.0,1128000.0,1.45,1635600.0,6.213677101882299
noaa,noaa_10039,2013,PAKISTAN,26.951,65.501,7.7,15.0,4.0,100000000.0,1.45,145000000.0,8.161368002234974
noaa,noaa_9974,2013,IRAN,28.428,51.593,6.4,12.0,4.0,297000000.0,1.45,430650000.0,8.634124451552188
noaa,noaa_9978,2013,CHINA,30.308,102.888,6.6,14.0,,6800000000.0,1.45,9860000000.0,9.993876914941211
noaa,noaa_10030,2013,GUATEMALA,14.606,-92.121,6.4,66.0,7.0,2000000.0,1.45,2900000.0,6.4623979978989565
noaa,noaa_10079,2014,CHILE,-19.61,-70.769,8.2,25.0,8.0,100000000.0,1.45,145000000.0,8.161368002234974
noaa,noaa_10083,2014,NICARAGUA,12.403,-86.378,6.1,13.0,6.0,3000000.0,1.45,4350000.0,6.638489256954637
noaa,noaa_10096,2014,GREECE,40.289,25.389,6.9,6.0,9.0,4500000000.0,1.45,6525000000.0,9.814580516010318
noaa,noaa_10106,2014,CHINA,27.189,103.409,6.2,12.0,7.0,5000000000.0,1.45,7250000000.0,9.860338006570993
noaa,noaa_10122,2014,JAPAN,36.641,137.888,6.2,9.0,9.0,2000000.0,1.45,2900000.0,6.4623979978989565
noaa,noaa_10102,2014,MEXICO,14.724,-92.461,6.9,53.0,8.0,123000000.0,1.45,178350000.0,8.251273113674372
noaa,noaa_10093,2014,THAILAND,19.656,99.67,6.1,6.0,6.0,62000000.0,1.45,89900000.0,7.953759691733229
noaa,noaa_10110,2014,USA,38.215,-122.312,6.0,11.0,8.0,700000000.0,1.45,1015000000.0,9.006466042249231
noaa,noaa_10109,2014,SOUTH AFRICA,-26.99,26.705,5.4,5.0,7.0,40000000.0,1.45,58000000.0,7.763427993562937
noaa,noaa_10111,2014,IRAN,32.703,47.695,6.2,10.0,8.0,43000000.0,1.45,62350000.0,7.7948364578145615
noaa,noaa_10343,2015,INDONESIA,-8.338,124.875,6.5,20.0,5.0,9000000.0,1.45,13050000.0,7.1156105116743
noaa,noaa_10159,2015,AFGHANISTAN,36.524,70.368,7.5,231.0,7.0,109000000.0,1.45,158050000.0,8.198794500175598
noaa,noaa_10335,2015,CHINA,23.566,98.854,5.2,10.0,,15000000.0,1.45,21750000.0,7.337459261290656
noaa,noaa_10168,2015,TAJIKISTAN,38.211,72.78,7.2,22.0,4.0,5000000.0,1.45,7250000.0,6.860338006570994
noaa,noaa_10134,2015,NEPAL,28.231,84.731,7.8,8.0,8.0,6000000000.0,1.45,8700000000.0,9.939519252618618
noaa,noaa_10156,2015,CHILE,-31.573,-71.674,8.3,22.0,9.0,600000000.0,1.45,870000000.0,8.939519252618618
noaa,noaa_10344,2015,KYRGYZSTAN,40.376,73.204,5.6,18.0,5.0,12000000.0,1.45,17400000.0,7.2405492482825995
noaa,noaa_10177,2016,JAPAN,32.791,130.754,7.0,10.0,9.0,20000000000.0,1.22,24400000000.0,10.38738982633873
noaa,noaa_10198,2016,MACEDONIA,42.008,21.488,5.1,13.0,8.0,10000000.0,1.22,12200000.0,7.086359830674748
noaa,noaa_10195,2016,MYANMAR (BURMA),20.923,94.569,6.8,82.0,5.0,10000000.0,1.22,12200000.0,7.086359830674748
noaa,noaa_10380,2016,CHINA,43.823,86.345,6.0,18.0,7.0,135000000.0,1.22,164700000.0,8.216693599169755
noaa,noaa_10197,2016,TANZANIA,-1.036,31.618,5.9,40.0,5.0,458000000.0,1.22,558760000.0,8.747225308678617
noaa,noaa_10204,2016,USA,35.991,-96.803,5.0,4.0,6.0,20000000.0,1.22,24400000.0,7.38738982633873
noaa,noaa_10215,2016,INDONESIA,5.283,96.168,6.5,13.0,8.0,100000000.0,1.22,122000000.0,8.086359830674748
noaa,noaa_10199,2016,SOUTH KOREA,35.781,129.216,5.4,13.0,8.0,21000000.0,1.22,25620000.0,7.408579125408668
noaa,noaa_10170,2016,INDIA,24.804,93.651,6.7,55.0,8.0,75000000.0,1.22,91500000.0,7.9614210940664485
noaa,noaa_10206,2016,NEW ZEALAND,-42.737,173.054,7.8,15.0,9.0,3900000000.0,1.22,4758000000.0,9.677424437701248
noaa,noaa_10194,2016,ITALY,42.723,13.188,6.2,4.0,9.0,5000000000.0,1.22,6100000000.0,9.785329835010767
noaa,noaa_10176,2016,ECUADOR,0.382,-79.922,7.8,21.0,9.0,3300000000.0,1.22,4026000000.0,9.604873770552636
noaa,noaa_10174,2016,TAIWAN,22.938,120.601,6.4,23.0,8.0,700000000.0,1.22,854000000.0,8.931457870689005
noaa,noaa_10238,2017,PHILIPPINES,9.907,125.452,6.5,15.0,8.0,40000000.0,1.22,48800000.0,7.688419822002711
noaa,noaa_10261,2017,CHINA,33.193,103.855,6.5,9.0,5.0,500000000.0,1.22,610000000.0,8.785329835010767
noaa,noaa_10277,2017,SOUTH KOREA,36.074,129.28,5.5,10.0,8.0,75800000.0,1.22,92476000.0,7.966029036306802
noaa,noaa_10267,2017,MEXICO,18.55,-98.489,7.1,48.0,9.0,8000000000.0,1.22,9760000000.0,9.989449817666692
noaa,noaa_10275,2017,IRAN,34.911,45.959,7.3,19.0,8.0,750000000.0,1.22,915000000.0,8.961421094066448
noaa,noaa_10234,2017,ITALY,42.601,13.227,5.7,7.0,6.0,18000000.0,1.22,21960000.0,7.341632335778054
noaa,noaa_10369,2018,INDONESIA,-0.256,119.846,7.5,20.0,9.0,1500000000.0,1.22,1830000000.0,9.26245108973043
noaa,noaa_10342,2018,JAPAN,34.825,135.639,5.5,10.0,8.0,7000000000.0,1.22,8540000000.0,9.931457870689005
noaa,noaa_10303,2018,MEXICO,16.386,-97.979,7.2,22.0,7.0,100000000.0,1.22,122000000.0,8.086359830674748
noaa,noaa_10370,2018,HAITI,20.034,-73.013,5.9,24.0,6.0,75000000.0,1.22,91500000.0,7.9614210940664485
noaa,noaa_10332,2018,USA,19.318,-155.0,6.9,6.0,7.0,370000000.0,1.22,451400000.0,8.654561554741743
noaa,noaa_10307,2018,PAPUA NEW GUINEA,-6.07,142.754,7.5,25.0,9.0,290000000.0,1.22,353800000.0,8.548757828573704
noaa,noaa_10383,2018,ITALY,37.63,15.1,5.0,1.0,7.0,115000000.0,1.22,140300000.0,8.14705767102836
noaa,noaa_10353,2018,CHINA,24.298,102.91,5.0,10.0,4.0,74000000.0,1.22,90280000.0,7.955591550405725
noaa,noaa_10461,2019,ALBANIA,41.521,19.559,6.4,20.0,,1081000000.0,1.22,1318820000.0,9.12018552462806
noaa,noaa_10412,2019,PERU,-5.796,-75.298,8.0,110.0,,50000000.0,1.22,61000000.0,7.785329835010767
noaa,noaa_10406,2019,PHILIPPINES,14.924,120.497,6.1,20.0,,50000000.0,1.22,61000000.0,7.785329835010767
noaa,noaa_10447,2019,PAKISTAN,33.106,73.766,5.6,10.0,,17000000.0,1.22,20740000.0,7.3168087520530225
noaa,noaa_10388,2019,CHILE,-30.04,-71.382,6.7,63.0,,100000000.0,1.22,122000000.0,8.086359830674748
noaa,noaa_10517,2019,FRANCE,44.612,4.638,4.8,10.0,7.0,59400000.0,1.22,72468000.0,7.860146275655942
noaa,noaa_10423,2019,USA,35.766,-117.605,7.1,8.0,,5300000000.0,1.22,6466000000.0,9.810635700275537
noaa,noaa_10417,2019,CHINA,28.405,104.957,5.8,10.0,,1300000000.0,1.22,1586000000.0,9.200303182981585
noaa,noaa_10506,2020,MEXICO,15.886,-96.008,7.4,20.0,8.0,75000000.0,1.22,91500000.0,7.9614210940664485
noaa,noaa_10515,2020,PHILIPPINES,12.026,124.127,6.6,10.0,7.0,570000.0,1.22,695400.0,5.84223468634724
noaa,noaa_10476,2020,CUBA,19.419,-78.756,7.7,15.0,7.0,90000000.0,1.22,109800000.0,8.040602340114074
noaa,noaa_10494,2020,CHINA,27.266,103.288,5.1,10.0,7.0,17000000.0,1.22,20740000.0,7.3168087520530225
noaa,noaa_10523,2020,CROATIA,45.424,16.257,6.4,10.0,9.0,4187000000.0,1.22,5108140000.0,9.708262791565978
noaa,noaa_10485,2020,USA,40.751,-112.078,5.7,12.0,6.0,132000000.0,1.22,161040000.0,8.206933761880599
noaa,noaa_10467,2020,USA TERRITORY,17.958,-66.811,6.4,6.0,8.0,800000000.0,1.22,976000000.0,8.989449817666692
noaa,noaa_10521,2020,TURKEY,37.897,26.784,7.0,21.0,8.0,400000000.0,1.22,488000000.0,8.688419822002711
noaa,noaa_10529,2021,JAPAN,37.745,141.749,7.1,49.0,9.0,7700000000.0,1.22,9394000000.0,9.97285055584723
noaa,noaa_10563,2021,HAITI,18.408,-73.475,7.2,10.0,9.0,1600000000.0,1.22,1952000000.0,9.290479813330673
noaa,noaa_10589,2021,IRAN,27.736,56.077,6.3,10.0,9.0,165000000.0,1.22,201300000.0,8.303843774888655
noaa,noaa_10530,2021,ARGENTINA,-31.83,-68.806,6.4,20.0,6.0,250000000.0,1.22,305000000.0,8.484299839346786
noaa,noaa_10575,2021,CHINA,29.182,105.391,5.4,10.0,7.0,250000000.0,1.22,305000000.0,8.484299839346786
noaa,noaa_10572,2021,MEXICO,16.982,-99.773,7.0,20.0,7.0,200000000.0,1.22,244000000.0,8.38738982633873
noaa,noaa_10535,2021,GREECE,39.764,22.176,6.3,10.0,9.0,10000000.0,1.22,12200000.0,7.086359830674748
noaa,noaa_10524,2021,INDONESIA,-2.976,118.901,6.2,18.0,9.0,58700000.0,1.22,71614000.0,7.854997931922362
noaa,noaa_10646,2022,TAIWAN,23.138,121.344,6.9,10.0,9.0,3700000.0,1.22,4514000.0,6.654561554741743
noaa,noaa_10605,2022,JAPAN,37.713,141.579,7.3,41.0,9.0,8800000000.0,1.22,10736000000.0,10.030842502824918
noaa,noaa_10643,2022,PAPUA NEW GUINEA,-6.294,146.504,7.6,116.0,8.0,15000000.0,1.22,18300000.0,7.26245108973043
noaa,noaa_10635,2022,IRAN,26.906,55.239,6.0,16.0,5.0,142000000.0,1.22,173240000.0,8.238648175057804
noaa,noaa_10633,2022,AFGHANISTAN,33.092,69.514,6.0,4.0,9.0,120000000.0,1.22,146400000.0,8.165541076722374
noaa,noaa_10657,2022,USA,40.525,-124.423,6.4,18.0,8.0,250000000.0,1.22,305000000.0,8.484299839346786
noaa,noaa_10645,2022,MEXICO,18.455,-102.956,7.6,27.0,9.0,25000000.0,1.22,30500000.0,7.484299839346786
noaa,noaa_10640,2022,PHILIPPINES,17.521,120.818,7.0,34.0,9.0,48480000.0,1.22,59145600.0,7.771922441832978
noaa,noaa_10642,2022,CHINA,29.726,102.279,6.6,10.0,9.0,835000000.0,1.22,1018700000.0,9.00804630615835
noaa,noaa_10654,2022,INDONESIA,-6.836,106.997,5.6,10.0,8.0,256000000.0,1.22,312320000.0,8.494599795986598
noaa,noaa_10719,2023,PHILIPPINES,5.587,125.051,6.7,78.0,7.0,29270000.0,1.22,35709400.0,7.55278255310854
noaa,noaa_10704,2023,COLOMBIA,4.418,-73.511,6.3,10.0,,30000000.0,1.22,36600000.0,7.563481085394411
noaa,noaa_10662,2023,TURKEY,37.166,37.042,7.8,17.0,9.0,42900000000.0,1.22,52338000000.0,10.718817122859473
noaa,noaa_10716,2023,NEPAL,28.848,82.187,5.7,16.0,,20000000.0,1.22,24400000.0,7.38738982633873
noaa,noaa_10699,2023,FRANCE,46.212,-0.785,4.8,5.0,,440000000.0,1.22,536800000.0,8.729812507160936
noaa,noaa_10661,2023,IRAN,38.424,44.909,5.9,16.0,8.0,255000000.0,1.22,311100000.0,8.492900011108704
noaa,noaa_10708,2023,AFGHANISTAN,34.61,61.924,6.3,14.0,,50000000.0,1.22,61000000.0,7.785329835010767
noaa,noaa_10726,2023,CHINA,35.743,102.827,5.9,10.0,,2000000000.0,1.22,2440000000.0,9.38738982633873
noaa,noaa_10705,2023,MOROCCO,31.073,-8.407,6.8,18.0,,7000000000.0,1.22,8540000000.0,9.931457870689005
noaa,noaa_10737,2024,TAIWAN,23.836,121.598,7.4,40.0,,2500000000.0,1.0,2500000000.0,9.397940008672037
noaa,noaa_10727,2024,JAPAN,37.487,137.271,7.5,10.0,9.0,17600000000.0,1.0,17600000000.0,10.24551266781415
noaa,noaa_10728,2024,CHINA,41.269,78.649,7.0,13.0,,430000000.0,1.0,430000000.0,8.633468455579587
noaa,noaa_10763,2024,VANUATU,-17.686,168.034,7.3,57.0,,100000000.0,1.0,100000000.0,8.0
noaa,noaa_10787,2024,INDONESIA,-5.875,112.365,6.4,9.0,9.0,40000000.0,1.0,40000000.0,7.6020599913279625
noaa,noaa_10837,2025,TURKEY,40.84,28.142,6.2,10.0,,100000000.0,1.0,100000000.0,8.0
noaa,noaa_10945,2025,JAPAN,41.003,142.171,7.6,45.0,9.0,600000000.0,1.0,600000000.0,8.778151250383644
noaa,noaa_10952,2025,TAIWAN,23.182,120.545,6.0,16.0,8.0,1300000000.0,1.0,1300000000.0,9.113943352306837
noaa,noaa_10923,2025,RUSSIA,52.512,160.324,8.8,35.0,8.0,10000000.0,1.0,10000000.0,7.0
noaa,noaa_10930,2025,AFGHANISTAN,34.706,70.793,6.0,8.0,8.0,180000000.0,1.0,180000000.0,8.255272505103306
noaa,noaa_10765,2025,CHINA,28.639,87.361,7.1,10.0,,1250000000.0,1.0,1250000000.0,9.096910013008056
noaa,noaa_10815,2025,MYANMAR (BURMA),22.011,95.936,7.7,10.0,10.0,10970000000.0,1.0,10970000000.0,10.040206627574712
noaa,noaa_10938,2025,PHILIPPINES,7.287,126.69,7.4,59.0,6.0,5700000.0,1.0,5700000.0,6.7558748556724915
noaa,noaa_11004,2026,VENEZUELA,10.509,-68.504,7.5,10.0,,37000000000.0,1.0,37000000000.0,10.568201724066995
noaa,noaa_10949,2026,MEXICO,16.902,-99.303,6.5,35.0,,3600000.0,1.0,3600000.0,6.556302500767287
